Sample Type,Analysis Name,Sample_Code,Client Name,Farm Name,,Field Name,Cooperative,x,y,Crop,Depth,Condition,Comments,C (%),%Sand (%),%Silt (%),BD (g/cm3),%Clay (%)
Soil Analysis,"Soil Organic Carbon (Dry Combustion) ,Soil Texture Analysis",CR442SA0237,Regenerative carbon Alliance,Regenerative carbon Alliance,,L32,Lanyuak,-0.75,35.89,No crop,Top Soil,Moist,,2.98,25.3,32,,42.7
Soil Analysis,"Soil Organic Carbon (Dry Combustion) ,Soil Texture Analysis",CR442SA0238,Regenerative carbon Alliance,Regenerative carbon Alliance,,L51,Eor Emayian,-0.83718,35.88608,No crop,Top Soil,Moist,,2.74,23.3,32,,44.7
Soil Analysis,"Soil Organic Carbon (Dry Combustion) ,Soil Texture Analysis",CR442SA0239,Regenerative carbon Alliance,Regenerative carbon Alliance,,MNTU08,Mumberes,-0.02,35.58,No crop,Top Soil,Moist,,5.13,25.3,26,,48.7
Soil Analysis,"Soil Organic Carbon (Dry Combustion) ,Soil Texture Analysis",CR442SA0240,Regenerative carbon Alliance,Regenerative carbon Alliance,,MNTU15,Mumberes,-0.022,35.582,No crop,Top Soil,Moist,,5.13,27.3,16,,56.7
Soil Analysis,"Soil Organic Carbon (Dry Combustion) ,Soil Texture Analysis",CR442SA0241,Regenerative carbon Alliance,Regenerative carbon Alliance,,MNTU16,Mumberes,-0.025,35.585,No crop,Top Soil,Moist,,4.22,19.3,22,,58.7
Soil Analysis,"Soil Organic Carbon (Dry Combustion) ,Soil Texture Analysis",CR442SA0242,Regenerative carbon Alliance,Regenerative carbon Alliance,,MNTU26,Mumberes,-0.03,35.588,No crop,Top Soil,Moist,,4.66,21.3,22,,56.7
Soil Analysis,"Soil Organic Carbon (Dry Combustion) ,Soil Texture Analysis",CR442SA0243,Regenerative carbon Alliance,Regenerative carbon Alliance,,MNTU38,Mumberes,-0.035,35.59,No crop,Top Soil,Moist,,3.18,13.3,24,,62.7
Soil Analysis,"Soil Organic Carbon (Dry Combustion) ,Soil Texture Analysis",CR442SA0244,Regenerative carbon Alliance,Regenerative carbon Alliance,,MNTU41,Mumberes,-0.037,35.592,No crop,Top Soil,Moist,,3.77,17.3,18,,64.7
Soil Analysis,"Soil Organic Carbon (Dry Combustion) ,Soil Texture Analysis",CR442SA0245,Regenerative carbon Alliance,Regenerative carbon Alliance,,MNTU63,Mumberes,-0.018,35.6,No crop,Top Soil,Moist,,3.82,15.3,20,,64.7
Soil Analysis,"Soil Organic Carbon (Dry Combustion) ,Soil Texture Analysis",CR442SA0246,Regenerative carbon Alliance,Regenerative carbon Alliance,,MNTU62,Mumberes,-0.015,35.625,No crop,Top Soil,Moist,,4.74,19.3,16,,64.7
Soil Analysis,"Soil Organic Carbon (Dry Combustion) ,Soil Texture Analysis",CR442SA0247,Regenerative carbon Alliance,Regenerative carbon Alliance,,MNTU48,Mumberes,-0.018,35.6,No crop,Top Soil,Moist,,2.93,23.3,24,,52.7
Soil Analysis,"Soil Organic Carbon (Dry Combustion) ,Soil Texture Analysis",CR442SA0248,Regenerative carbon Alliance,Regenerative carbon Alliance,,MNTU68,Mumberes,-0.029,35.578,No crop,Top Soil,Moist,,4.17,21.3,26,,52.7
Soil Analysis,"Soil Organic Carbon (Dry Combustion) ,Soil Texture Analysis",CR442SA0249,Regenerative carbon Alliance,Regenerative carbon Alliance,,MNTU74,Mumberes,-0.031,35.5805,No crop,Top Soil,Moist,,5.71,21.3,22,,56.7
Soil Analysis,"Soil Organic Carbon (Dry Combustion) ,Soil Texture Analysis",CR442SA0250,Regenerative carbon Alliance,Regenerative carbon Alliance,,MNTU78,Mumberes,-0.0335,35.5795,No crop,Top Soil,Moist,,3.16,21.3,20,,58.7
Soil Analysis,"Soil Organic Carbon (Dry Combustion) ,Soil Texture Analysis",CR442SA0251,Regenerative carbon Alliance,Regenerative carbon Alliance,,MNTU79,Mumberes,-0.034,35.5798,No crop,Top Soil,Moist,,4.23,13.3,16,,70.7
Soil Analysis,"Soil Organic Carbon (Dry Combustion) ,Soil Texture Analysis",CR442SA0252,Regenerative carbon Alliance,Regenerative carbon Alliance,,MNTU83,Mumberes,-0.036,35.5802,No crop,Top Soil,Moist,,5.97,19.3,18,,62.7
Soil Analysis,"Soil Organic Carbon (Dry Combustion) ,Soil Texture Analysis",CR442SA0253,Regenerative carbon Alliance,Regenerative carbon Alliance,,MNTU86,Mumberes,-0.0385,35.5765,No crop,Top Soil,Moist,,5.31,23.3,22,,54.7
Soil Analysis,"Soil Organic Carbon (Dry Combustion) ,Soil Texture Analysis",CR442SA0254,Regenerative carbon Alliance,Regenerative carbon Alliance,,MNTU89,Mumberes,-0.04,35.577,No crop,Top Soil,Moist,,4.32,17.3,14,,68.7
Soil Analysis,"Soil Organic Carbon (Dry Combustion) ,Soil Texture Analysis",CR442SA0255,Regenerative carbon Alliance,Regenerative carbon Alliance,,K02,Kabianga,-0.452,35.18,No crop,Top Soil,Moist,,7.75,25.3,22,,52.7
Soil Analysis,"Soil Organic Carbon (Dry Combustion) ,Soil Texture Analysis",CR442SA0256,Regenerative carbon Alliance,Regenerative carbon Alliance,,K03,Kabianga,-0.455,35.185,No crop,Top Soil,Moist,,5.6,15.3,16,,68.7
Soil Analysis,"Soil Organic Carbon (Dry Combustion) ,Soil Texture Analysis",CR442SA0257,Regenerative carbon Alliance,Regenerative carbon Alliance,,K04,Kabianga,-0.457,35.19,No crop,Top Soil,Moist,,4.91,19.3,20,,60.7
Soil Analysis,"Soil Organic Carbon (Dry Combustion) ,Soil Texture Analysis",CR442SA0258,Regenerative carbon Alliance,Regenerative carbon Alliance,,K15,Kabianga,-0.47,35.17,No crop,Top Soil,Moist,,5.28,17.3,20,,62.7
Soil Analysis,"Soil Organic Carbon (Dry Combustion) ,Soil Texture Analysis",CR442SA0259,Regenerative carbon Alliance,Regenerative carbon Alliance,,K17,Kabianga,-0.48,35.165,No crop,Top Soil,Moist,,8.9,31.3,22,,46.7
Soil Analysis,"Soil Organic Carbon (Dry Combustion) ,Soil Texture Analysis",CR442SA0260,Regenerative carbon Alliance,Regenerative carbon Alliance,,K20,Kabianga,-0.49,35.16,No crop,Top Soil,Moist,,5.16,21.3,22,,56.7
Soil Analysis,"Soil Organic Carbon (Dry Combustion) ,Soil Texture Analysis",CR442SA0261,Regenerative carbon Alliance,Regenerative carbon Alliance,,KNTU022,Kabianga,-0.495,35.175,No crop,Top Soil,Moist,,4.26,23.3,20,,56.7
Soil Analysis,"Soil Organic Carbon (Dry Combustion) ,Soil Texture Analysis",CR442SA0262,Regenerative carbon Alliance,Regenerative carbon Alliance,,KA59,Kabianga,-0.4152,35.16187,No crop,Top Soil,Moist,,4.39,21.3,26,,52.7
Soil Analysis,"Soil Organic Carbon (Dry Combustion) ,Soil Texture Analysis",CR442SA0263,Regenerative carbon Alliance,Regenerative carbon Alliance,,KIP66,Kipsigis,-0.60035,35.22877,No crop,Top Soil,Moist,,4.49,25.3,20,,54.7
Soil Analysis,"Soil Organic Carbon (Dry Combustion) ,Soil Texture Analysis",CR442SA0264,Regenerative carbon Alliance,Regenerative carbon Alliance,,KIP67,Kipsigis,-0.5972,35.25127,No crop,Top Soil,Moist,,2.9,11.3,20,,68.7
Soil Analysis,"Soil Organic Carbon (Dry Combustion) ,Soil Texture Analysis",CR442SA0265,Regenerative carbon Alliance,Regenerative carbon Alliance,,KNTU023,Kabianga,-0.5,35.18,No crop,Top Soil,Moist,,3.77,17.3,20,,62.7
Soil Analysis,"Soil Organic Carbon (Dry Combustion) ,Soil Texture Analysis",CR442SA0266,Regenerative carbon Alliance,Regenerative carbon Alliance,,KNTU024,Kabianga,-0.502,35.182,No crop,Top Soil,Moist,,4.29,21.3,12,,66.7
Soil Analysis,"Soil Organic Carbon (Dry Combustion) ,Soil Texture Analysis",CR442SA0267,Regenerative carbon Alliance,Regenerative carbon Alliance,,KNTU025,Kabianga,-0.505,35.185,No crop,Top Soil,Moist,,1.28,21.3,46,,32.7
Soil Analysis,"Soil Organic Carbon (Dry Combustion) ,Soil Texture Analysis",CR442SA0268,Regenerative carbon Alliance,Regenerative carbon Alliance,,K09,Kabianga,-0.46,35.182,No crop,Top Soil,Moist,,3.22,19.3,18,,62.7
Soil Analysis,"Soil Organic Carbon (Dry Combustion) ,Soil Texture Analysis",CR442SA0269,Regenerative carbon Alliance,Regenerative carbon Alliance,,ADU05,Eor Emayian,-0.87,35.88,No crop,Top Soil,Moist,,2.62,47.3,16,,36.7
Soil Analysis,"Soil Organic Carbon (Dry Combustion) ,Soil Texture Analysis",CR442SA0001,Regenerative carbon Alliance,Regenerative carbon Alliance,,A28,Adu,-2.838116,39.989316,No crop,Top Soil,Moist,,2.05,65.3,12,,22.7
Soil Analysis,"Soil Organic Carbon (Dry Combustion) ,Soil Texture Analysis",CR442SA0002,Regenerative carbon Alliance,Regenerative carbon Alliance,,A29,Adu,-2.837954,39.984007,No crop,Top Soil,Moist,,1.61,69.3,12,,18.7
Soil Analysis,"Soil Organic Carbon (Dry Combustion) ,Soil Texture Analysis",CR442SA0003,Regenerative carbon Alliance,Regenerative carbon Alliance,,A30,Adu,-2.838124,39.984187,No crop,Top Soil,Moist,,2.28,69.3,6,,24.7
Soil Analysis,"Soil Organic Carbon (Dry Combustion) ,Soil Texture Analysis",CR442SA0004,Regenerative carbon Alliance,Regenerative carbon Alliance,,A31,Adu,-2.854465,39.998128,No crop,Top Soil,Moist,,2.4,37.3,12,,50.7
Soil Analysis,"Soil Organic Carbon (Dry Combustion) ,Soil Texture Analysis",CR442SA0005,Regenerative carbon Alliance,Regenerative carbon Alliance,,A32,Adu,-2.854631,39.998457,No crop,Top Soil,Moist,,3.09,37.3,14,,48.7
Soil Analysis,"Soil Organic Carbon (Dry Combustion) ,Soil Texture Analysis",CR442SA0006,Regenerative carbon Alliance,Regenerative carbon Alliance,,A33,Adu,-2.845434,39.997652,No crop,Top Soil,Moist,,3.2,43.3,12,,44.7
Soil Analysis,"Soil Organic Carbon (Dry Combustion) ,Soil Texture Analysis",CR442SA0007,Regenerative carbon Alliance,Regenerative carbon Alliance,,A34,Adu,-2.845097,39.997695,No crop,Top Soil,Moist,,4.26,35.3,14,,50.7
Soil Analysis,"Soil Organic Carbon (Dry Combustion) ,Soil Texture Analysis",CR442SA0008,Regenerative carbon Alliance,Regenerative carbon Alliance,,A35,Adu,-2.845439,40.013254,No crop,Top Soil,Moist,,3.85,27.3,12,,60.7
Soil Analysis,"Soil Organic Carbon (Dry Combustion) ,Soil Texture Analysis",CR442SA0009,Regenerative carbon Alliance,Regenerative carbon Alliance,,M78,Adu,-2.844454,40.0123,No crop,Top Soil,Moist,,9.59,10.6,36,,53.4
Soil Analysis,"Soil Organic Carbon (Dry Combustion) ,Soil Texture Analysis",CR442SA0010,Regenerative carbon Alliance,Regenerative carbon Alliance,,A36,Adu,-2.842272,40.012732,No crop,Top Soil,Moist,,2.57,31.3,8,,60.7
Soil Analysis,"Soil Organic Carbon (Dry Combustion) ,Soil Texture Analysis",CR442SA0011,Regenerative carbon Alliance,Regenerative carbon Alliance,,KNTU005,Adu,-2.8447,40.0128,No crop,Top Soil,Moist,,2.66,6.56,20,,73.44
Soil Analysis,"Soil Organic Carbon (Dry Combustion) ,Soil Texture Analysis",CR442SA0012,Regenerative carbon Alliance,Regenerative carbon Alliance,,A37,Adu,-2.844988,40.013172,No crop,Top Soil,Moist,,3.08,27.3,12,,60.7
Soil Analysis,"Soil Organic Carbon (Dry Combustion) ,Soil Texture Analysis",CR442SA0013,Regenerative carbon Alliance,Regenerative carbon Alliance,,KNTU006,Adu,-2.84494,40.0129,No crop,Top Soil,Moist,,4.03,19.3,26,,54.7
Soil Analysis,"Soil Organic Carbon (Dry Combustion) ,Soil Texture Analysis",CR442SA0014,Regenerative carbon Alliance,Regenerative carbon Alliance,,A38,Adu,-2.844844,40.012167,No crop,Top Soil,Moist,,4.12,22.6,16,,61.4
Soil Analysis,"Soil Organic Carbon (Dry Combustion) ,Soil Texture Analysis",CR442SA0015,Regenerative carbon Alliance,Regenerative carbon Alliance,,KNTU007,Adu,-2.84485,40.0121,No crop,Top Soil,Moist,,4.07,10.6,28,,61.4
Soil Analysis,"Soil Organic Carbon (Dry Combustion) ,Soil Texture Analysis",CR442SA0016,Regenerative carbon Alliance,Regenerative carbon Alliance,,A39,Adu,-2.844997,40.011873,No crop,Top Soil,Moist,,4.05,31.3,10,,58.7
Soil Analysis,"Soil Organic Carbon (Dry Combustion) ,Soil Texture Analysis",CR442SA0017,Regenerative carbon Alliance,Regenerative carbon Alliance,,KNTU008,Adu,-2.84498,40.0119,No crop,Top Soil,Moist,,4.02,73.3,6,,20.7
Soil Analysis,"Soil Organic Carbon (Dry Combustion) ,Soil Texture Analysis",CR442SA0018,Regenerative carbon Alliance,Regenerative carbon Alliance,,A40,Adu,-2.849467,40.01208,No crop,Top Soil,Moist,,3.5,29.3,10,,60.7
Soil Analysis,"Soil Organic Carbon (Dry Combustion) ,Soil Texture Analysis",CR442SA0019,Regenerative carbon Alliance,Regenerative carbon Alliance,,KNTU010,Adu,-2.84497,40.01203,No crop,Top Soil,Moist,,5.15,19.3,18,,62.7
Soil Analysis,"Soil Organic Carbon (Dry Combustion) ,Soil Texture Analysis",CR442SA0020,Regenerative carbon Alliance,Regenerative carbon Alliance,,A41,Adu,-2.860222,39.994207,No crop,Top Soil,Moist,,3.21,35.3,10,,54.7
Soil Analysis,"Soil Organic Carbon (Dry Combustion) ,Soil Texture Analysis",CR442SA0021,Regenerative carbon Alliance,Regenerative carbon Alliance,,A42,Adu,-2.859592,39.993464,No crop,Top Soil,Moist,,3.73,39.3,18,,42.7
Soil Analysis,"Soil Organic Carbon (Dry Combustion) ,Soil Texture Analysis",CR442SA0022,Regenerative carbon Alliance,Regenerative carbon Alliance,,A43,Adu,-2.859576,39.99422,No crop,Top Soil,Moist,,3.13,51.3,12,,36.7
Soil Analysis,"Soil Organic Carbon (Dry Combustion) ,Soil Texture Analysis",CR442SA0023,Regenerative carbon Alliance,Regenerative carbon Alliance,,A44,Adu,-2.858904,39.994177,No crop,Top Soil,Moist,,3.2,37.3,16,,46.7
Soil Analysis,"Soil Bulk Density,Soil Organic Carbon (Dry Combustion),Soil Texture Analysis",CR442SA0024,Regenerative carbon Alliance,Regenerative carbon Alliance,,A50,Adu,-2.788366,39.993844,No crop,Top Soil,Moist,,0.69,77.3,12,1.62,10.7
Soil Analysis,"Soil Organic Carbon (Dry Combustion) ,Soil Texture Analysis",CR442SA0025,Regenerative carbon Alliance,Regenerative carbon Alliance,,A51,Adu,-2.787365,39.996726,No crop,Top Soil,Moist,,0.53,83.3,8,,8.7
Soil Analysis,"Soil Organic Carbon (Dry Combustion) ,Soil Texture Analysis",CR442SA0026,Regenerative carbon Alliance,Regenerative carbon Alliance,,A52,Adu,-2.789635,40.000616,No crop,Top Soil,Moist,,2.42,87.3,10,,2.7
Soil Analysis,"Soil Organic Carbon (Dry Combustion) ,Soil Texture Analysis",CR442SA0027,Regenerative carbon Alliance,Regenerative carbon Alliance,,A54,Adu,-2.789616,39.998711,No crop,Top Soil,Moist,,0.67,77.3,10,,12.7
Soil Analysis,"Soil Bulk Density,Soil Organic Carbon (Dry Combustion),Soil Texture Analysis",CR442SA0028,Regenerative carbon Alliance,Regenerative carbon Alliance,,A55,Adu,-2.790106,39.998783,No crop,Top Soil,Moist,,1.13,73.3,8,1.34,18.7
Soil Analysis,"Soil Organic Carbon (Dry Combustion) ,Soil Texture Analysis",CR442SA0029,Regenerative carbon Alliance,Regenerative carbon Alliance,,A56,Adu,-2.788362,39.998937,No crop,Top Soil,Moist,,0.55,73.3,10,,16.7
Soil Analysis,"Soil Organic Carbon (Dry Combustion) ,Soil Texture Analysis",CR442SA0030,Regenerative carbon Alliance,Regenerative carbon Alliance,,A58,Adu,-2.788289,39.997302,No crop,Top Soil,Moist,,0.67,81.3,6,,12.7
Soil Analysis,"Soil Organic Carbon (Dry Combustion) ,Soil Texture Analysis",CR442SA0031,Regenerative carbon Alliance,Regenerative carbon Alliance,,A59,Adu,-2.790589,39.995645,No crop,Top Soil,Moist,,0.42,87.6,3.64,,8.76
Soil Analysis,"Soil Bulk Density,Soil Organic Carbon (Dry Combustion),Soil Texture Analysis",CR442SA0032,Regenerative carbon Alliance,Regenerative carbon Alliance,,A60,Adu,-2.791509,39.995951,No crop,Top Soil,Moist,,0.5,81.6,5.64,1.5,12.76
Soil Analysis,"Soil Organic Carbon (Dry Combustion) ,Soil Texture Analysis",CR442SA0033,Regenerative carbon Alliance,Regenerative carbon Alliance,,A61,Adu,-2.806668,39.999537,No crop,Top Soil,Moist,,0.82,79.6,9.64,,10.76
Soil Analysis,"Soil Organic Carbon (Dry Combustion) ,Soil Texture Analysis",CR442SA0034,Regenerative carbon Alliance,Regenerative carbon Alliance,,A62,Adu,-2.809541,39.998957,No crop,Top Soil,Moist,,0.79,77.6,5.64,,16.76
Soil Analysis,"Soil Bulk Density,Soil Organic Carbon (Dry Combustion),Soil Texture Analysis",CR442SA0035,Regenerative carbon Alliance,Regenerative carbon Alliance,,A63,Adu,-2.809631,39.988063,No crop,Top Soil,Moist,,3.76,57.6,11.6,1.24,30.8
Soil Analysis,"Soil Organic Carbon (Dry Combustion) ,Soil Texture Analysis",CR442SA0036,Regenerative carbon Alliance,Regenerative carbon Alliance,,A64,Adu,-2.806231,39.985358,No crop,Top Soil,Moist,,0.3,79.6,13.6,,6.8
Soil Analysis,"Soil Organic Carbon (Dry Combustion) ,Soil Texture Analysis",CR442SA0037,Regenerative carbon Alliance,Regenerative carbon Alliance,,A65,Adu,-2.8060223,39.9863842,No crop,Top Soil,Moist,,0.38,81.6,7.64,,10.76
Soil Analysis,"Soil Organic Carbon (Dry Combustion) ,Soil Texture Analysis",CR442SA0038,Regenerative carbon Alliance,Regenerative carbon Alliance,,A66,Adu,-2.8036379,39.96687,No crop,Top Soil,Moist,,0.55,77.6,5.64,,16.76
Soil Analysis,"Soil Organic Carbon (Dry Combustion) ,Soil Texture Analysis",CR442SA0039,Regenerative carbon Alliance,Regenerative carbon Alliance,,A67,Adu,-2.8036403,39.9672399,No crop,Top Soil,Moist,,0.33,79.6,7.64,,12.76
Soil Analysis,"Soil Bulk Density,Soil Organic Carbon (Dry Combustion),Soil Texture Analysis",CR442SA0040,Regenerative carbon Alliance,Regenerative carbon Alliance,,A68,Adu,-2.8020024,39.9664358,No crop,Top Soil,Moist,,0.46,85.6,7.64,1.65,6.76
Soil Analysis,"Soil Bulk Density,Soil Organic Carbon (Dry Combustion),Soil Texture Analysis",CR442SA0041,Regenerative carbon Alliance,Regenerative carbon Alliance,,A69,Adu,-2.8086586,39.967273,No crop,Top Soil,Moist,,0.44,83.6,7.64,1.63,8.76
Soil Analysis,"Soil Organic Carbon (Dry Combustion) ,Soil Texture Analysis",CR442SA0042,Regenerative carbon Alliance,Regenerative carbon Alliance,,A70,Adu,-2.831378,39.978948,No crop,Top Soil,Moist,,0.56,65.6,11.6,,22.8
Soil Analysis,"Soil Bulk Density,Soil Organic Carbon (Dry Combustion),Soil Texture Analysis",CR442SA0043,Regenerative carbon Alliance,Regenerative carbon Alliance,,A71,Adu,-2.8030672,39.9346885,No crop,Top Soil,Moist,,0.52,81.6,7.64,1.6,10.76
Soil Analysis,"Soil Bulk Density,Soil Organic Carbon (Dry Combustion),Soil Texture Analysis",CR442SA0044,Regenerative carbon Alliance,Regenerative carbon Alliance,,A72,Adu,-2.8311745,39.9341444,No crop,Top Soil,Moist,,0.68,81.6,5.64,1.48,12.76
Soil Analysis,"Soil Organic Carbon (Dry Combustion) ,Soil Texture Analysis",CR442SA0045,Regenerative carbon Alliance,Regenerative carbon Alliance,,A73,Adu,-2.819666,39.9368279,No crop,Top Soil,Moist,,0.4,77.6,5.64,,16.76
Soil Analysis,"Soil Organic Carbon (Dry Combustion) ,Soil Texture Analysis",CR442SA0046,Regenerative carbon Alliance,Regenerative carbon Alliance,,A74,Adu,-2.8216238,39.9749138,No crop,Top Soil,Moist,,0.62,81.6,7.64,,10.76
Soil Analysis,"Soil Organic Carbon (Dry Combustion) ,Soil Texture Analysis",CR442SA0047,Regenerative carbon Alliance,Regenerative carbon Alliance,,A75,Adu,-2.8335123,39.9366723,No crop,Top Soil,Moist,,0.67,83.6,5.64,,10.76
Soil Analysis,"Soil Organic Carbon (Dry Combustion) ,Soil Texture Analysis",CR442SA0048,Regenerative carbon Alliance,Regenerative carbon Alliance,,A76,Adu,-2.8314048,39.9383844,No crop,Top Soil,Moist,,1.03,79.6,3.64,,16.76
Soil Analysis,"Soil Bulk Density,Soil Organic Carbon (Dry Combustion),Soil Texture Analysis",CR442SA0049,Regenerative carbon Alliance,Regenerative carbon Alliance,,A77,Adu,-2.8311637,39.9397795,No crop,Top Soil,Moist,,1.24,69.6,5.64,1.34,24.76
Soil Analysis,"Soil Bulk Density,Soil Organic Carbon (Dry Combustion),Soil Texture Analysis",CR442SA0050,Regenerative carbon Alliance,Regenerative carbon Alliance,,A78,Adu,-2.8311657,39.9385449,No crop,Top Soil,Moist,,1.02,71.6,3.64,1.38,24.76
Soil Analysis,"Soil Bulk Density,Soil Organic Carbon (Dry Combustion),Soil Texture Analysis",CR442SA0051,Regenerative carbon Alliance,Regenerative carbon Alliance,,A79,Adu,-2.8309601,39.9386349,No crop,Top Soil,Moist,,0.31,83.6,3.64,1.49,12.76
Soil Analysis,"Soil Organic Carbon (Dry Combustion) ,Soil Texture Analysis",CR442SA0052,Regenerative carbon Alliance,Regenerative carbon Alliance,,A80,Adu,-2.7876372,39.9940019,No crop,Top Soil,Moist,,0.52,89.6,3.64,,6.76
Soil Analysis,"Soil Organic Carbon (Dry Combustion) ,Soil Texture Analysis",CR442SA0053,Regenerative carbon Alliance,Regenerative carbon Alliance,,A81,Adu,-2.7877802,39.9934819,No crop,Top Soil,Moist,,0.25,87.6,5.64,,6.76
Soil Analysis,"Soil Organic Carbon (Dry Combustion) ,Soil Texture Analysis",CR442SA0054,Regenerative carbon Alliance,Regenerative carbon Alliance,,A82,Adu,-2.793239,39.9931439,No crop,Top Soil,Moist,,0.38,79.6,9.64,,10.76
Soil Analysis,"Soil Organic Carbon (Dry Combustion) ,Soil Texture Analysis",CR442SA0055,Regenerative carbon Alliance,Regenerative carbon Alliance,,A83,Adu,-2.8355496,39.979548,No crop,Top Soil,Moist,,0.5,81.6,5.64,,12.76
Soil Analysis,"Soil Organic Carbon (Dry Combustion) ,Soil Texture Analysis",CR442SA0056,Regenerative carbon Alliance,Regenerative carbon Alliance,,A84,Adu,-2.835749,39.979416,No crop,Top Soil,Moist,,0.43,77.6,9.64,,12.76
Soil Analysis,"Soil Organic Carbon (Dry Combustion) ,Soil Texture Analysis",CR442SA0057,Regenerative carbon Alliance,Regenerative carbon Alliance,,A85,Adu,-2.8399589,39.9644516,No crop,Top Soil,Moist,,5.19,43.6,13.6,,42.8
Soil Analysis,"Soil Organic Carbon (Dry Combustion) ,Soil Texture Analysis",CR442SA0058,Regenerative carbon Alliance,Regenerative carbon Alliance,,A86,Adu,-2.8331897,39.9516542,No crop,Top Soil,Moist,,0.58,73.6,9.64,,16.76
Soil Analysis,"Soil Organic Carbon (Dry Combustion) ,Soil Texture Analysis",CR442SA0059,Regenerative carbon Alliance,Regenerative carbon Alliance,,A87,Adu,-2.831231,39.9514369,No crop,Top Soil,Moist,,0.74,61.6,11.6,,26.8
Soil Analysis,"Soil Organic Carbon (Dry Combustion) ,Soil Texture Analysis",CR442SA0060,Regenerative carbon Alliance,Regenerative carbon Alliance,,A88,Adu,-2.8275736,39.9475437,No crop,Top Soil,Moist,,0.2,89.6,3.64,,6.76
Soil Analysis,"Soil Organic Carbon (Dry Combustion) ,Soil Texture Analysis",CR442SA0061,Regenerative carbon Alliance,Regenerative carbon Alliance,,A89,Adu,-2.8273105,39.947692,No crop,Top Soil,Moist,,0.18,87.6,5.64,,6.76
Soil Analysis,"Soil Organic Carbon (Dry Combustion) ,Soil Texture Analysis",CR442SA0062,Regenerative carbon Alliance,Regenerative carbon Alliance,,A90,Adu,-2.8520216,39.9216267,No crop,Top Soil,Moist,,0.22,83.6,7.64,,8.76
Soil Analysis,"Soil Organic Carbon (Dry Combustion) ,Soil Texture Analysis",CR442SA0063,Regenerative carbon Alliance,Regenerative carbon Alliance,,A91,Adu,-2.8224866,39.9386042,No crop,Top Soil,Moist,,0.91,73.6,7.64,,18.76
Soil Analysis,"Soil Organic Carbon (Dry Combustion) ,Soil Texture Analysis",CR442SA0064,Regenerative carbon Alliance,Regenerative carbon Alliance,,A92,Adu,-2.8196067,39.9381063,No crop,Top Soil,Moist,,0.53,83.6,5.64,,10.76
Soil Analysis,"Soil Organic Carbon (Dry Combustion) ,Soil Texture Analysis",CR442SA0065,Regenerative carbon Alliance,Regenerative carbon Alliance,,A93,Adu,-2.8195069,39.937923,No crop,Top Soil,Moist,,1.75,71.6,11.6,,16.8
Soil Analysis,"Soil Organic Carbon (Dry Combustion) ,Soil Texture Analysis",CR442SA0066,Regenerative carbon Alliance,Regenerative carbon Alliance,,A94,Adu,-2.819775,39.9370002,No crop,Top Soil,Moist,,0.44,81.6,5.64,,12.76
Soil Analysis,"Soil Organic Carbon (Dry Combustion) ,Soil Texture Analysis",CR442SA0067,Regenerative carbon Alliance,Regenerative carbon Alliance,,A95,Adu,-2.8316392,39.973737,No crop,Top Soil,Moist,,0.88,73.6,5.64,,20.76
Soil Analysis,"Soil Organic Carbon (Dry Combustion) ,Soil Texture Analysis",CR442SA0068,Regenerative carbon Alliance,Regenerative carbon Alliance,,Adu2,Adu,-2.783438,39.972967,No crop,Top Soil,Moist,,2.51,49.6,11.6,,38.8
Soil Analysis,"Soil Organic Carbon (Dry Combustion) ,Soil Texture Analysis",CR442SA0069,Regenerative carbon Alliance,Regenerative carbon Alliance,,Adu1,Adu,-2.8568637,39.990085,No crop,Top Soil,Moist,,3.67,59.6,11.6,,28.8
Soil Analysis,"Soil Organic Carbon (Dry Combustion) ,Soil Texture Analysis",CR442SA0070,Regenerative carbon Alliance,Regenerative carbon Alliance,,Adu10,Adu,-2.858567,39.992261,No crop,Top Soil,Moist,,1.43,35.6,9.64,,54.76
Soil Analysis,"Soil Organic Carbon (Dry Combustion) ,Soil Texture Analysis",CR442SA0071,Regenerative carbon Alliance,Regenerative carbon Alliance,,Adu11,Adu,-2.849837,40.002843,No crop,Top Soil,Moist,,3.83,33.6,7.64,,58.76
Soil Analysis,"Soil Organic Carbon (Dry Combustion) ,Soil Texture Analysis",CR442SA0072,Regenerative carbon Alliance,Regenerative carbon Alliance,,Adu12,Adu,-2.850753,39.993803,No crop,Top Soil,Moist,,2.75,39.6,7.64,,52.76
Soil Analysis,"Soil Organic Carbon (Dry Combustion) ,Soil Texture Analysis",CR442SA0073,Regenerative carbon Alliance,Regenerative carbon Alliance,,Adu13,Adu,-2.844938,39.988387,No crop,Top Soil,Moist,,0.58,85.6,5.64,,8.76
Soil Analysis,"Soil Organic Carbon (Dry Combustion) ,Soil Texture Analysis",CR442SA0074,Regenerative carbon Alliance,Regenerative carbon Alliance,,Adu14,Adu,-2.844494,39.988387,No crop,Top Soil,Moist,,1.71,79.6,7.64,,12.76
Soil Analysis,"Soil Organic Carbon (Dry Combustion) ,Soil Texture Analysis",CR442SA0075,Regenerative carbon Alliance,Regenerative carbon Alliance,,Adu15,Adu,-2.844152,39.988761,No crop,Top Soil,Moist,,0.68,79.6,3.64,,16.76
Soil Analysis,"Soil Organic Carbon (Dry Combustion) ,Soil Texture Analysis",CR442SA0076,Regenerative carbon Alliance,Regenerative carbon Alliance,,Adu16,Adu,-2.844136,39.988476,No crop,Top Soil,Moist,,0.66,71.6,5.64,,22.76
Soil Analysis,"Soil Organic Carbon (Dry Combustion) ,Soil Texture Analysis",CR442SA0077,Regenerative carbon Alliance,Regenerative carbon Alliance,,Adu17,Adu,-2.843977,39.988394,No crop,Top Soil,Moist,,0.93,65.6,5.64,,28.76
Soil Analysis,"Soil Organic Carbon (Dry Combustion) ,Soil Texture Analysis",CR442SA0078,Regenerative carbon Alliance,Regenerative carbon Alliance,,Adu18,Adu,-2.843977,39.988394,No crop,Top Soil,Moist,,0.81,65.6,13.6,,20.8
Soil Analysis,"Soil Organic Carbon (Dry Combustion) ,Soil Texture Analysis",CR442SA0079,Regenerative carbon Alliance,Regenerative carbon Alliance,,Adu19,Adu,-2.845075,39.983762,No crop,Top Soil,Moist,,0.56,67.6,11.6,,20.8
Soil Analysis,"Soil Organic Carbon (Dry Combustion) ,Soil Texture Analysis",CR442SA0080,Regenerative carbon Alliance,Regenerative carbon Alliance,,Adu20,Adu,-2.845299,39.97803,No crop,Top Soil,Moist,,0.94,71.6,13.6,,14.8
Soil Analysis,"Soil Bulk Density,Soil Organic Carbon (Dry Combustion),Soil Texture Analysis",CR442SA0081,Regenerative carbon Alliance,Regenerative carbon Alliance,,Adu21,Adu,-2.8422285,39.97397,No crop,Top Soil,Moist,,1.51,59.6,19.6,1.33,20.8
Soil Analysis,"Soil Organic Carbon (Dry Combustion) ,Soil Texture Analysis",CR442SA0082,Regenerative carbon Alliance,Regenerative carbon Alliance,,Adu22,Adu,-2.841846,39.971385,No crop,Top Soil,Moist,,0.63,73.6,11.6,,14.8
Soil Analysis,"Soil Organic Carbon (Dry Combustion) ,Soil Texture Analysis",CR442SA0083,Regenerative carbon Alliance,Regenerative carbon Alliance,,Adu23,Adu,-2.851392,39.974449,No crop,Top Soil,Moist,,2.2,63.6,5.64,,30.76
Soil Analysis,"Soil Organic Carbon (Dry Combustion) ,Soil Texture Analysis",CR442SA0084,Regenerative carbon Alliance,Regenerative carbon Alliance,,Adu24,Adu,-2.839902,39.987911,No crop,Top Soil,Moist,,1.37,61.6,9.64,,28.76
Soil Analysis,"Soil Organic Carbon (Dry Combustion) ,Soil Texture Analysis",CR442SA0085,Regenerative carbon Alliance,Regenerative carbon Alliance,,Adu25,Adu,-2.837779,39.98681,No crop,Top Soil,Moist,,1.69,67.6,9.64,,22.76
Soil Analysis,"Soil Organic Carbon (Dry Combustion) ,Soil Texture Analysis",CR442SA0086,Regenerative carbon Alliance,Regenerative carbon Alliance,,Adu26,Adu,-2.837486,39.987236,No crop,Top Soil,Moist,,0.9,77.6,7.64,,14.76
Soil Analysis,"Soil Organic Carbon (Dry Combustion) ,Soil Texture Analysis",CR442SA0087,Regenerative carbon Alliance,Regenerative carbon Alliance,,Adu27,Adu,-2.837881,39.98758,No crop,Top Soil,Moist,,1.4,69.6,5.64,,24.76
Soil Analysis,"Soil Bulk Density,Soil Organic Carbon (Dry Combustion),Soil Texture Analysis",CR442SA0088,Regenerative carbon Alliance,Regenerative carbon Alliance,,Adu28,Adu,-2.874717,39.97051,No crop,Top Soil,Moist,,2.72,61.6,11.6,1.33,26.8
Soil Analysis,"Soil Organic Carbon (Dry Combustion) ,Soil Texture Analysis",CR442SA0089,Regenerative carbon Alliance,Regenerative carbon Alliance,,Adu2,Adu,-2.9507139,39.952271,No crop,Top Soil,Moist,,3.93,27.6,19.6,,52.8
Soil Analysis,"Soil Organic Carbon (Dry Combustion) ,Soil Texture Analysis",CR442SA0090,Regenerative carbon Alliance,Regenerative carbon Alliance,,Adu3,Adu,-2.7903319,39.998681,No crop,Top Soil,Moist,,1.16,73.6,11.6,,14.8
Soil Analysis,"Soil Organic Carbon (Dry Combustion) ,Soil Texture Analysis",CR442SA0091,Regenerative carbon Alliance,Regenerative carbon Alliance,,Adu6,Adu,-2.906497,39.965365,No crop,Top Soil,Moist,,2.91,67.6,7.64,,24.76
Soil Analysis,"Soil Bulk Density,Soil Organic Carbon (Dry Combustion),Soil Texture Analysis",CR442SA0092,Regenerative carbon Alliance,Regenerative carbon Alliance,,Adu7,Adu,-2.8924431,39.9976,No crop,Top Soil,Moist,,1.92,57.6,9.64,1.24,32.76
Soil Analysis,"Soil Organic Carbon (Dry Combustion) ,Soil Texture Analysis",CR442SA0093,Regenerative carbon Alliance,Regenerative carbon Alliance,,Adu7,Adu,-2.8288239,39.9347613,No crop,Top Soil,Moist,,0.68,79.6,9.64,,10.76
Soil Analysis,"Soil Bulk Density,Soil Organic Carbon (Dry Combustion),Soil Texture Analysis",CR442SA0094,Regenerative carbon Alliance,Regenerative carbon Alliance,,Adu8,Adu,-2.892939,39.998458,No crop,Top Soil,Moist,,1.43,61.6,9.64,1.41,28.76
Soil Analysis,"Soil Bulk Density,Soil Organic Carbon (Dry Combustion),Soil Texture Analysis",CR442SA0095,Regenerative carbon Alliance,Regenerative carbon Alliance,,Adu9,Adu,-2.8923129,39.99802,No crop,Top Soil,Moist,,3.14,53.6,7.64,1.25,38.76
Soil Analysis,"Soil Organic Carbon (Dry Combustion) ,Soil Texture Analysis",CR442SA0096,Regenerative carbon Alliance,Regenerative carbon Alliance,,ANn01,Eor Emayian,-0.86886,35.88786,No crop,Top Soil,Moist,,3.59,23.6,33.6,,42.8
Soil Analysis,"Soil Organic Carbon (Dry Combustion) ,Soil Texture Analysis",CR442SA0097,Regenerative carbon Alliance,Regenerative carbon Alliance,,ANn02,Eor Emayian,-0.89711,35.88157,No crop,Top Soil,Moist,,3.03,29.6,25.6,,44.8
Soil Analysis,"Soil Organic Carbon (Dry Combustion) ,Soil Texture Analysis",CR442SA0098,Regenerative carbon Alliance,Regenerative carbon Alliance,,ANn013,Eor Emayian,-0.89578,35.89325,No crop,Top Soil,Moist,,5.44,25.6,35.6,,38.8
Soil Analysis,"Soil Organic Carbon (Dry Combustion) ,Soil Texture Analysis",CR442SA0099,Regenerative carbon Alliance,Regenerative carbon Alliance,,ANn014,Eor Emayian,-0.89644,35.88452,No crop,Top Soil,Moist,,3.46,23.6,31.6,,44.8
Soil Analysis,"Soil Organic Carbon (Dry Combustion) ,Soil Texture Analysis",CR442SA0100,Regenerative carbon Alliance,Regenerative carbon Alliance,,ANn015,Eor Emayian,-0.92323,35.88156,No crop,Top Soil,Moist,,4.9,39.6,29.6,,30.8
Soil Analysis,"Soil Organic Carbon (Dry Combustion) ,Soil Texture Analysis",CR442SA0101,Regenerative carbon Alliance,Regenerative carbon Alliance,,ANn02,Eor Emayian,-0.85108,35.89442,No crop,Top Soil,Moist,,2.99,23.6,31.6,,44.8
Soil Analysis,"Soil Organic Carbon (Dry Combustion) ,Soil Texture Analysis",CR442SA0102,Regenerative carbon Alliance,Regenerative carbon Alliance,,ANn03,Eor Emayian,-0.86893,35.88728,No crop,Top Soil,Moist,,3.32,21.6,35.6,,42.8
Soil Analysis,"Soil Bulk Density,Soil Organic Carbon (Dry Combustion),Soil Texture Analysis",CR442SA0103,Regenerative carbon Alliance,Regenerative carbon Alliance,,ANn04,Eor Emayian,-0.86953,35.88717,No crop,Top Soil,Moist,,3.86,21.6,37.6,1.01,40.8
Soil Analysis,"Soil Organic Carbon (Dry Combustion) ,Soil Texture Analysis",CR442SA0104,Regenerative carbon Alliance,Regenerative carbon Alliance,,ANn05,Eor Emayian,-0.86893,35.88831,No crop,Top Soil,Moist,,3.99,23.6,35.6,,40.8
Soil Analysis,"Soil Bulk Density,Soil Organic Carbon (Dry Combustion),Soil Texture Analysis",CR442SA0105,Regenerative carbon Alliance,Regenerative carbon Alliance,,ANn06,Eor Emayian,-0.86893,35.88903,No crop,Top Soil,Moist,,4.79,23.6,35.6,1.06,40.8
Soil Analysis,"Soil Organic Carbon (Dry Combustion) ,Soil Texture Analysis",CR442SA0106,Regenerative carbon Alliance,Regenerative carbon Alliance,,ANn07,Eor Emayian,-0.86839,35.89033,No crop,Top Soil,Moist,,5.26,29.6,35.6,,34.8
Soil Analysis,"Soil Organic Carbon (Dry Combustion) ,Soil Texture Analysis",CR442SA0107,Regenerative carbon Alliance,Regenerative carbon Alliance,,ANn08,Eor Emayian,-0.86881,35.88975,No crop,Top Soil,Moist,,3.78,21.6,35.6,,42.8
Soil Analysis,"Soil Organic Carbon (Dry Combustion) ,Soil Texture Analysis",CR442SA0108,Regenerative carbon Alliance,Regenerative carbon Alliance,,ANn09,Eor Emayian,-0.87775,35.88969,No crop,Top Soil,Moist,,2.47,19.6,25.6,,54.8
Soil Analysis,"Soil Organic Carbon (Dry Combustion) ,Soil Texture Analysis",CR442SA0109,Regenerative carbon Alliance,Regenerative carbon Alliance,,ANn10,Eor Emayian,-0.87739,35.88997,No crop,Top Soil,Moist,,2.62,35.6,29.6,,34.8
Soil Analysis,"Soil Organic Carbon (Dry Combustion) ,Soil Texture Analysis",CR442SA0110,Regenerative carbon Alliance,Regenerative carbon Alliance,,ANn11,Eor Emayian,-0.87756,35.88953,No crop,Top Soil,Moist,,2.64,21.6,35.6,,42.8
Soil Analysis,"Soil Bulk Density,Soil Organic Carbon (Dry Combustion),Soil Texture Analysis",CR442SA0111,Regenerative carbon Alliance,Regenerative carbon Alliance,,EE50,Eor Emayian,-0.85136,35.89619,No crop,Top Soil,Moist,,6.21,25.6,33.6,0.93,40.8
Soil Analysis,"Soil Bulk Density,Soil Organic Carbon (Dry Combustion),Soil Texture Analysis",CR442SA0112,Regenerative carbon Alliance,Regenerative carbon Alliance,,EE51,Eor Emayian,-0.83719,35.88608,No crop,Top Soil,Moist,,5.41,27.6,35.6,0.87,36.8
Soil Analysis,"Soil Bulk Density,Soil Organic Carbon (Dry Combustion),Soil Texture Analysis",CR442SA0113,Regenerative carbon Alliance,Regenerative carbon Alliance,,EE52,Eor Emayian,-0.84026,35.89593,No crop,Top Soil,Moist,,3,23.6,29.6,1.05,46.8
Soil Analysis,"Soil Bulk Density,Soil Organic Carbon (Dry Combustion),Soil Texture Analysis",CR442SA0114,Regenerative carbon Alliance,Regenerative carbon Alliance,,EE53,Eor Emayian,-0.84635,35.89275,No crop,Top Soil,Moist,,4.5,27.6,29.6,0.9,42.8
Soil Analysis,"Soil Bulk Density,Soil Organic Carbon (Dry Combustion),Soil Texture Analysis",CR442SA0115,Regenerative carbon Alliance,Regenerative carbon Alliance,,EE54,Eor Emayian,-0.84242,35.89262,No crop,Top Soil,Moist,,3.46,23.6,31.6,0.96,44.8
Soil Analysis,"Soil Bulk Density,Soil Organic Carbon (Dry Combustion),Soil Texture Analysis",CR442SA0116,Regenerative carbon Alliance,Regenerative carbon Alliance,,EE55,Eor Emayian,-0.84147,35.89258,No crop,Top Soil,Moist,,4.2,21.6,35.6,0.95,42.8
Soil Analysis,"Soil Organic Carbon (Dry Combustion) ,Soil Texture Analysis",CR442SA0117,Regenerative carbon Alliance,Regenerative carbon Alliance,,EE56,Eor Emayian,-0.83955,35.89432,No crop,Top Soil,Moist,,2.78,31.6,27.6,,40.8
Soil Analysis,"Soil Organic Carbon (Dry Combustion) ,Soil Texture Analysis",CR442SA0118,Regenerative carbon Alliance,Regenerative carbon Alliance,,EE57,Eor Emayian,-0.84075,35.89267,No crop,Top Soil,Moist,,3.36,29.6,31.6,,38.8
Soil Analysis,"Soil Organic Carbon (Dry Combustion) ,Soil Texture Analysis",CR442SA0119,Regenerative carbon Alliance,Regenerative carbon Alliance,,EE58,Eor Emayian,-0.83858,35.89262,No crop,Top Soil,Moist,,2.94,29.6,33.6,,36.8
Soil Analysis,"Soil Organic Carbon (Dry Combustion) ,Soil Texture Analysis",CR442SA0120,Regenerative carbon Alliance,Regenerative carbon Alliance,,EE59,Eor Emayian,-0.83058,35.89364,No crop,Top Soil,Moist,,4.49,23.6,35.6,,40.8
Soil Analysis,"Soil Organic Carbon (Dry Combustion) ,Soil Texture Analysis",CR442SA0121,Regenerative carbon Alliance,Regenerative carbon Alliance,,EE60,Eor Emayian,-0.84248,35.89392,No crop,Top Soil,Moist,,3.3,29.6,33.6,,36.8
Soil Analysis,"Soil Organic Carbon (Dry Combustion) ,Soil Texture Analysis",CR442SA0122,Regenerative carbon Alliance,Regenerative carbon Alliance,,EE61,Eor Emayian,-0.83926,35.89578,No crop,Top Soil,Moist,,3.8,25.6,33.6,,40.8
Soil Analysis,"Soil Organic Carbon (Dry Combustion) ,Soil Texture Analysis",CR442SA0123,Regenerative carbon Alliance,Regenerative carbon Alliance,,EE62,Eor Emayian,-0.84575,35.89623,No crop,Top Soil,Moist,,3.18,31.6,31.6,,36.8
Soil Analysis,"Soil Organic Carbon (Dry Combustion) ,Soil Texture Analysis",CR442SA0124,Regenerative carbon Alliance,Regenerative carbon Alliance,,EE63,Eor Emayian,-0.84235,35.89461,No crop,Top Soil,Moist,,4.25,29.6,37.6,,32.8
Soil Analysis,"Soil Organic Carbon (Dry Combustion) ,Soil Texture Analysis",CR442SA0125,Regenerative carbon Alliance,Regenerative carbon Alliance,,EE64,Eor Emayian,-0.83833,35.89381,No crop,Top Soil,Moist,,4.41,27.6,35.6,,36.8
Soil Analysis,"Soil Organic Carbon (Dry Combustion) ,Soil Texture Analysis",CR442SA0126,Regenerative carbon Alliance,Regenerative carbon Alliance,,K1,Kabianga,-0.458598054,35.18384747,No crop,Top Soil,Moist,,6.71,23.6,25.6,,50.8
Soil Analysis,"Soil Organic Carbon (Dry Combustion) ,Soil Texture Analysis",CR442SA0127,Regenerative carbon Alliance,Regenerative carbon Alliance,,K11,Kabianga,-0.45589,35.19161,No crop,Top Soil,Moist,,4.4,21.6,19.6,,58.8
Soil Analysis,"Soil Organic Carbon (Dry Combustion) ,Soil Texture Analysis",CR442SA0128,Regenerative carbon Alliance,Regenerative carbon Alliance,,K12,Kabianga,-0.475399764,35.12152736,No crop,Top Soil,Moist,,4.66,17.6,19.6,,62.8
Soil Analysis,"Soil Organic Carbon (Dry Combustion) ,Soil Texture Analysis",CR442SA0129,Regenerative carbon Alliance,Regenerative carbon Alliance,,K18,Kabianga,-0.51053,35.16083,No crop,Top Soil,Moist,,5.51,15.6,21.6,,62.8
Soil Analysis,"Soil Organic Carbon (Dry Combustion) ,Soil Texture Analysis",CR442SA0130,Regenerative carbon Alliance,Regenerative carbon Alliance,,K26,Kabianga,-0.48964,35.13758,No crop,Top Soil,Moist,,4.21,13.6,27.6,,58.8
Soil Analysis,"Soil Organic Carbon (Dry Combustion) ,Soil Texture Analysis",CR442SA0131,Regenerative carbon Alliance,Regenerative carbon Alliance,,K27,Kabianga,-0.46031,35.17281,No crop,Top Soil,Moist,,3.48,9.64,15.6,,74.76
Soil Analysis,"Soil Organic Carbon (Dry Combustion) ,Soil Texture Analysis",CR442SA0132,Regenerative carbon Alliance,Regenerative carbon Alliance,,K7,Kabianga,-0.495222436,35.13841396,No crop,Top Soil,Moist,,4.07,19.6,17.6,,62.8
Soil Analysis,"Soil Organic Carbon (Dry Combustion) ,Soil Texture Analysis",CR442SA0133,Regenerative carbon Alliance,Regenerative carbon Alliance,,K9,Kabianga,-0.46361,35.18181,No crop,Top Soil,Moist,,8.85,25.6,23.6,,50.8
Soil Analysis,"Soil Organic Carbon (Dry Combustion) ,Soil Texture Analysis",CR442SA0134,Regenerative carbon Alliance,Regenerative carbon Alliance,,KA13,Kabianga,-0.44298708,35.131672,No crop,Top Soil,Moist,,5.63,23.6,19.6,,56.8
Soil Analysis,"Soil Bulk Density,Soil Organic Carbon (Dry Combustion),Soil Texture Analysis",CR442SA0135,Regenerative carbon Alliance,Regenerative carbon Alliance,,KA4,Kabianga,-0.4287994,35.144828,No crop,Top Soil,Moist,,5.74,29.6,19.6,0.9,50.8
Soil Analysis,"Soil Bulk Density,Soil Organic Carbon (Dry Combustion),Soil Texture Analysis",CR442SA0136,Regenerative carbon Alliance,Regenerative carbon Alliance,,KA50,Kabianga,-0.4173038,35.1046031,No crop,Top Soil,Moist,,3.86,21.6,19.6,1.03,58.8
Soil Analysis,"Soil Bulk Density,Soil Organic Carbon (Dry Combustion),Soil Texture Analysis",CR442SA0137,Regenerative carbon Alliance,Regenerative carbon Alliance,,KA50,Kabianga,-0.4173038,35.1046031,No crop,Top Soil,Moist,,2.64,19.6,13.6,0.81,66.8
Soil Analysis,"Soil Bulk Density,Soil Organic Carbon (Dry Combustion),Soil Texture Analysis",CR442SA0138,Regenerative carbon Alliance,Regenerative carbon Alliance,,KA51,Kabianga,-0.4222144,35.1387888,No crop,Top Soil,Moist,,3.6,15.6,19.6,1.09,64.8
Soil Analysis,"Soil Bulk Density,Soil Organic Carbon (Dry Combustion),Soil Texture Analysis",CR442SA0139,Regenerative carbon Alliance,Regenerative carbon Alliance,,KA52,Kabianga,-0.3989269,35.1023141,No crop,Top Soil,Moist,,3.33,23.6,21.6,1.09,54.8
Soil Analysis,"Soil Bulk Density,Soil Organic Carbon (Dry Combustion),Soil Texture Analysis",CR442SA0140,Regenerative carbon Alliance,Regenerative carbon Alliance,,KA53,Kabianga,-0.4050438,35.1822397,No crop,Top Soil,Moist,,6.18,21.6,25.6,1.11,52.8
Soil Analysis,"Soil Organic Carbon (Dry Combustion) ,Soil Texture Analysis",CR442SA0141,Regenerative carbon Alliance,Regenerative carbon Alliance,,KA54,Kabianga,-0.4251839,35.0663544,No crop,Top Soil,Moist,,3.84,15.6,23.6,,60.8
Soil Analysis,"Soil Organic Carbon (Dry Combustion) ,Soil Texture Analysis",CR442SA0142,Regenerative carbon Alliance,Regenerative carbon Alliance,,KA56,Kabianga,-0.3978458,35.1277647,No crop,Top Soil,Moist,,3.54,23.6,23.6,,52.8
Soil Analysis,"Soil Organic Carbon (Dry Combustion) ,Soil Texture Analysis",CR442SA0143,Regenerative carbon Alliance,Regenerative carbon Alliance,,KA56,Kabianga,-0.4043145,35.1323085,No crop,Top Soil,Moist,,4.61,21.6,21.6,,56.8
Soil Analysis,"Soil Organic Carbon (Dry Combustion) ,Soil Texture Analysis",CR442SA0144,Regenerative carbon Alliance,Regenerative carbon Alliance,,KA57,Kabianga,-0.3905672,35.1565868,No crop,Top Soil,Moist,,5.81,25.6,25.6,,48.8
Soil Analysis,"Soil Organic Carbon (Dry Combustion) ,Soil Texture Analysis",CR442SA0145,Regenerative carbon Alliance,Regenerative carbon Alliance,,KA60,Kabianga,-0.4058471,35.0715111,No crop,Top Soil,Moist,,3.89,19.6,17.6,,62.8
Soil Analysis,"Soil Organic Carbon (Dry Combustion) ,Soil Texture Analysis",CR442SA0146,Regenerative carbon Alliance,Regenerative carbon Alliance,,KA61,Kabianga,-0.3999222,35.089068,No crop,Top Soil,Moist,,4.03,17.6,21.6,,60.8
Soil Analysis,"Soil Organic Carbon (Dry Combustion) ,Soil Texture Analysis",CR442SA0147,Regenerative carbon Alliance,Regenerative carbon Alliance,,KA62,Kabianga,-0.4451531,35.078239,No crop,Top Soil,Moist,,4.16,15.6,19.6,,64.8
Soil Analysis,"Soil Organic Carbon (Dry Combustion) ,Soil Texture Analysis",CR442SA0148,Regenerative carbon Alliance,Regenerative carbon Alliance,,KA65,Kabianga,-0.4104901,35.058115,No crop,Top Soil,Moist,,5.67,15.6,23.6,,60.8
Soil Analysis,"Soil Bulk Density,Soil Organic Carbon (Dry Combustion),Soil Texture Analysis",CR442SA0149,Regenerative carbon Alliance,Regenerative carbon Alliance,,KIP50,Kipsigis,-0.614858,35.25533,No crop,Top Soil,Moist,,4.28,21.6,25.6,1.16,52.8
Soil Analysis,"Soil Bulk Density,Soil Organic Carbon (Dry Combustion),Soil Texture Analysis",CR442SA0150,Regenerative carbon Alliance,Regenerative carbon Alliance,,KIP51,Kipsigis,-0.617925,35.28242,No crop,Top Soil,Moist,,4.03,25.6,25.6,1.03,48.8
Soil Analysis,"Soil Bulk Density,Soil Organic Carbon (Dry Combustion),Soil Texture Analysis",CR442SA0151,Regenerative carbon Alliance,Regenerative carbon Alliance,,KIP52,Kipsigis,-0.602682,35.25003,No crop,Top Soil,Moist,,2.52,23.6,19.6,1.13,56.8
Soil Analysis,"Soil Bulk Density,Soil Organic Carbon (Dry Combustion),Soil Texture Analysis",CR442SA0152,Regenerative carbon Alliance,Regenerative carbon Alliance,,KIP54,Kipsigis,-0.601893,35.24019,No crop,Top Soil,Moist,,6.05,23.6,27.6,1.03,48.8
Soil Analysis,"Soil Organic Carbon (Dry Combustion) ,Soil Texture Analysis",CR442SA0153,Regenerative carbon Alliance,Regenerative carbon Alliance,,KIP56,Kipsigis,-0.600335,35.22866,No crop,Top Soil,Moist,,3.71,21.6,27.6,,50.8
Soil Analysis,"Soil Organic Carbon (Dry Combustion) ,Soil Texture Analysis",CR442SA0154,Regenerative carbon Alliance,Regenerative carbon Alliance,,KIP57,Kipsigis,-0.59136,35.23817,No crop,Top Soil,Moist,,5.31,19.6,25.6,,54.8
Soil Analysis,"Soil Organic Carbon (Dry Combustion) ,Soil Texture Analysis",CR442SA0155,Regenerative carbon Alliance,Regenerative carbon Alliance,,KIP58,Kipsigis,-0.58694,35.23189,No crop,Top Soil,Moist,,4.26,17.6,23.6,,58.8
Soil Analysis,"Soil Organic Carbon (Dry Combustion) ,Soil Texture Analysis",CR442SA0156,Regenerative carbon Alliance,Regenerative carbon Alliance,,KIP59,Kipsigis,-0.58308,35.22897,No crop,Top Soil,Moist,,3.83,3.28,19.3,,77.42
Soil Analysis,"Soil Organic Carbon (Dry Combustion) ,Soil Texture Analysis",CR442SA0157,Regenerative carbon Alliance,Regenerative carbon Alliance,,KIP60,Kipsigis,-0.57536,35.23066,No crop,Top Soil,Moist,,3.85,15.6,21.6,,62.8
Soil Analysis,"Soil Organic Carbon (Dry Combustion) ,Soil Texture Analysis",CR442SA0158,Regenerative carbon Alliance,Regenerative carbon Alliance,,KIP61,Kipsigis,-0.56414,35.23886,No crop,Top Soil,Moist,,3.75,37.6,15.6,,46.8
Soil Analysis,"Soil Organic Carbon (Dry Combustion) ,Soil Texture Analysis",CR442SA0159,Regenerative carbon Alliance,Regenerative carbon Alliance,,KIP62,Kipsigis,-0.55772,35.24239,No crop,Top Soil,Moist,,3.9,23.3,15.3,,61.4
Soil Analysis,"Soil Organic Carbon (Dry Combustion) ,Soil Texture Analysis",CR442SA0160,Regenerative carbon Alliance,Regenerative carbon Alliance,,KIP63,Kipsigis,-0.56914,35.24417,No crop,Top Soil,Moist,,4.36,19.3,19.3,,61.4
Soil Analysis,"Soil Organic Carbon (Dry Combustion) ,Soil Texture Analysis",CR442SA0161,Regenerative carbon Alliance,Regenerative carbon Alliance,,KIP64,Kipsigis,-0.57834,35.26203,No crop,Top Soil,Moist,,3.77,31.6,23.6,,44.8
Soil Analysis,"Soil Organic Carbon (Dry Combustion) ,Soil Texture Analysis",CR442SA0162,Regenerative carbon Alliance,Regenerative carbon Alliance,,KIP65,Kipsigis,-0.58817,35.24797,No crop,Top Soil,Moist,,4.33,29.6,19.6,,50.8
Soil Analysis,"Soil Organic Carbon (Dry Combustion) ,Soil Texture Analysis",CR442SA0163,Regenerative carbon Alliance,Regenerative carbon Alliance,,KNTU12R,Kipsigis,-0.51864,35.27775,No crop,Top Soil,Moist,,2.91,17.6,17.6,,64.8
Soil Analysis,"Soil Organic Carbon (Dry Combustion) ,Soil Texture Analysis",CR442SA0164,Regenerative carbon Alliance,Regenerative carbon Alliance,,KNTU27R,Kipsigis,-0.51128,35.27289,No crop,Top Soil,Moist,,4.67,27.6,21.6,,50.8
Soil Analysis,"Soil Organic Carbon (Dry Combustion) ,Soil Texture Analysis",CR442SA0165,Regenerative carbon Alliance,Regenerative carbon Alliance,,L50,Lanyuak,-0.82708,35.88881,No crop,Top Soil,Moist,,2.92,25.6,33.6,,40.8
Soil Analysis,"Soil Organic Carbon (Dry Combustion) ,Soil Texture Analysis",CR442SA0166,Regenerative carbon Alliance,Regenerative carbon Alliance,,L52,Lanyuak,-0.81392,35.89258,No crop,Top Soil,Moist,,3.72,27.6,31.6,,40.8
Soil Analysis,"Soil Organic Carbon (Dry Combustion) ,Soil Texture Analysis",CR442SA0167,Regenerative carbon Alliance,Regenerative carbon Alliance,,L53,Lanyuak,-0.8155,35.8922,No crop,Top Soil,Moist,,4.19,27.6,35.6,,36.8
Soil Analysis,"Soil Organic Carbon (Dry Combustion) ,Soil Texture Analysis",CR442SA0168,Regenerative carbon Alliance,Regenerative carbon Alliance,,L54,Lanyuak,-0.82103,35.88889,No crop,Top Soil,Moist,,4.83,27.6,33.6,,38.8
Soil Analysis,"Soil Organic Carbon (Dry Combustion) ,Soil Texture Analysis",CR442SA0169,Regenerative carbon Alliance,Regenerative carbon Alliance,,L55,Lanyuak,-0.82472,35.90103,No crop,Top Soil,Moist,,3.85,25.6,31.6,,42.8
Soil Analysis,"Soil Organic Carbon (Dry Combustion) ,Soil Texture Analysis",CR442SA0170,Regenerative carbon Alliance,Regenerative carbon Alliance,,L56,Lanyuak,-0.80044,35.896,No crop,Top Soil,Moist,,4.95,31.3,30,,38.7
Soil Analysis,"Soil Bulk Density,Soil Organic Carbon (Dry Combustion),Soil Texture Analysis",CR442SA0171,Regenerative carbon Alliance,Regenerative carbon Alliance,,L57,Lanyuak,-0.79433,35.8938,No crop,Top Soil,Moist,,4.62,29.3,34,0.93,36.7
Soil Analysis,"Soil Bulk Density,Soil Organic Carbon (Dry Combustion),Soil Texture Analysis",CR442SA0172,Regenerative carbon Alliance,Regenerative carbon Alliance,,L58,Lanyuak,-0.78786,35.89042,No crop,Top Soil,Moist,,4.89,29.3,30,0.9,40.7
Soil Analysis,"Soil Bulk Density,Soil Organic Carbon (Dry Combustion),Soil Texture Analysis",CR442SA0173,Regenerative carbon Alliance,Regenerative carbon Alliance,,L59,Lanyuak,-0.78242,35.89213,No crop,Top Soil,Moist,,4.19,25.3,34,0.96,40.7
Soil Analysis,"Soil Bulk Density,Soil Organic Carbon (Dry Combustion),Soil Texture Analysis",CR442SA0174,Regenerative carbon Alliance,Regenerative carbon Alliance,,L60,Lanyuak,-0.78267,35.893,No crop,Top Soil,Moist,,4.24,31.3,26,1.05,42.7
Soil Analysis,"Soil Bulk Density,Soil Organic Carbon (Dry Combustion),Soil Texture Analysis",CR442SA0175,Regenerative carbon Alliance,Regenerative carbon Alliance,,L61,Lanyuak,-0.77419,35.89103,No crop,Top Soil,Moist,,5.54,27.3,32,0.95,40.7
Soil Analysis,"Soil Bulk Density,Soil Organic Carbon (Dry Combustion),Soil Texture Analysis",CR442SA0176,Regenerative carbon Alliance,Regenerative carbon Alliance,,L62,Lanyuak,-0.76992,35.88869,No crop,Top Soil,Moist,,4.32,27.3,32,1.07,40.7
Soil Analysis,"Soil Organic Carbon (Dry Combustion) ,Soil Texture Analysis",CR442SA0177,Regenerative carbon Alliance,Regenerative carbon Alliance,,LNN11,Lanyuak,-0.71956,35.89797,No crop,Top Soil,Moist,,3.8,22.6,24,,53.4
Soil Analysis,"Soil Organic Carbon (Dry Combustion) ,Soil Texture Analysis",CR442SA0178,Regenerative carbon Alliance,Regenerative carbon Alliance,,LNN13,Lanyuak,-0.72669,35.89697,No crop,Top Soil,Moist,,3.23,45.3,20,,34.7
Soil Analysis,"Soil Organic Carbon (Dry Combustion) ,Soil Texture Analysis",CR442SA0179,Regenerative carbon Alliance,Regenerative carbon Alliance,,LNN14,Lanyuak,-0.71814,35.89819,No crop,Top Soil,Moist,,4.65,34.6,28,,37.4
Soil Analysis,"Soil Organic Carbon (Dry Combustion) ,Soil Texture Analysis",CR442SA0180,Regenerative carbon Alliance,Regenerative carbon Alliance,,LNN15,Lanyuak,-0.71814,35.89753,No crop,Top Soil,Moist,,4.13,33.3,26,,40.7
Soil Analysis,"Soil Organic Carbon (Dry Combustion) ,Soil Texture Analysis",CR442SA0181,Regenerative carbon Alliance,Regenerative carbon Alliance,,LNN18,Lanyuak,-0.73869,35.88917,No crop,Top Soil,Moist,,4.16,25.3,34,,40.7
Soil Analysis,"Soil Organic Carbon (Dry Combustion) ,Soil Texture Analysis",CR442SA0182,Regenerative carbon Alliance,Regenerative carbon Alliance,,LNN19,Lanyuak,-0.72003,35.89883,No crop,Top Soil,Moist,,3.39,43.3,26,,30.7
Soil Analysis,"Soil Organic Carbon (Dry Combustion) ,Soil Texture Analysis",CR442SA0183,Regenerative carbon Alliance,Regenerative carbon Alliance,,LNN21,Lanyuak,-0.69403,35.90069,No crop,Top Soil,Moist,,5.18,33.3,28,,38.7
Soil Analysis,"Soil Organic Carbon (Dry Combustion) ,Soil Texture Analysis",CR442SA0184,Regenerative carbon Alliance,Regenerative carbon Alliance,,LNN22,Lanyuak,-0.71964,35.89742,No crop,Top Soil,Moist,,3.55,27.3,30,,42.7
Soil Analysis,"Soil Organic Carbon (Dry Combustion) ,Soil Texture Analysis",CR442SA0185,Regenerative carbon Alliance,Regenerative carbon Alliance,,LNN22,Lanyuak,-0.7365,35.89278,No crop,Top Soil,Moist,,4.5,27.3,32,,40.7
Soil Analysis,"Soil Organic Carbon (Dry Combustion) ,Soil Texture Analysis",CR442SA0186,Regenerative carbon Alliance,Regenerative carbon Alliance,,LNN23,Lanyuak,-0.72525,35.89667,No crop,Top Soil,Moist,,4.04,41.3,22,,36.7
Soil Analysis,"Soil Organic Carbon (Dry Combustion) ,Soil Texture Analysis",CR442SA0187,Regenerative carbon Alliance,Regenerative carbon Alliance,,LNN24,Lanyuak,-0.71828,35.89794,No crop,Top Soil,Moist,,3.73,37.3,18,,44.7
Soil Analysis,"Soil Organic Carbon (Dry Combustion) ,Soil Texture Analysis",CR442SA0188,Regenerative carbon Alliance,Regenerative carbon Alliance,,LNN25,Lanyuak,-0.73644,35.89231,No crop,Top Soil,Moist,,4.55,25.3,32,,42.7
Soil Analysis,"Soil Organic Carbon (Dry Combustion) ,Soil Texture Analysis",CR442SA0189,Regenerative carbon Alliance,Regenerative carbon Alliance,,LNN27,Lanyuak,-0.72028,35.89939,No crop,Top Soil,Moist,,1.06,53.3,18,,28.7
Soil Analysis,"Soil Organic Carbon (Dry Combustion) ,Soil Texture Analysis",CR442SA0190,Regenerative carbon Alliance,Regenerative carbon Alliance,,LNN3,Lanyuak,-0.71775,35.89814,No crop,Top Soil,Moist,,4.61,45.3,20,,34.7
Soil Analysis,"Soil Organic Carbon (Dry Combustion) ,Soil Texture Analysis",CR442SA0191,Regenerative carbon Alliance,Regenerative carbon Alliance,,LNN9,Lanyuak,-0.739,35.88961,No crop,Top Soil,Moist,,4.59,39.3,22,,38.7
Soil Analysis,"Soil Organic Carbon (Dry Combustion) ,Soil Texture Analysis",CR442SA0192,Regenerative carbon Alliance,Regenerative carbon Alliance,,LNNu31,Lanyuak,-0.75025,35.89144,No crop,Top Soil,Moist,,3.47,27.3,30,,42.7
Soil Analysis,"Soil Organic Carbon (Dry Combustion) ,Soil Texture Analysis",CR442SA0193,Regenerative carbon Alliance,Regenerative carbon Alliance,,M50,Mumberes,0.0568437,35.555937,No crop,Top Soil,Moist,,4.25,17.3,24,,58.7
Soil Analysis,"Soil Organic Carbon (Dry Combustion) ,Soil Texture Analysis",CR442SA0194,Regenerative carbon Alliance,Regenerative carbon Alliance,,M51,Mumberes,-0.0114145,35.5717195,No crop,Top Soil,Moist,,1.22,13.3,14,,72.7
Soil Analysis,"Soil Organic Carbon (Dry Combustion) ,Soil Texture Analysis",CR442SA0195,Regenerative carbon Alliance,Regenerative carbon Alliance,,M52,Mumberes,0.0402137,35.5314847,No crop,Top Soil,Moist,,3.24,15.3,26,,58.7
Soil Analysis,"Soil Organic Carbon (Dry Combustion) ,Soil Texture Analysis",CR442SA0196,Regenerative carbon Alliance,Regenerative carbon Alliance,,M53,Mumberes,0.0300843,35.5233864,No crop,Top Soil,Moist,,2.85,13.3,20,,66.7
Soil Analysis,"Soil Bulk Density,Soil Organic Carbon (Dry Combustion),Soil Texture Analysis",CR442SA0197,Regenerative carbon Alliance,Regenerative carbon Alliance,,M54,Mumberes,0.0270853,35.4774931,No crop,Top Soil,Moist,,2.07,17.3,16,1.04,66.7
Soil Analysis,"Soil Organic Carbon (Dry Combustion) ,Soil Texture Analysis",CR442SA0198,Regenerative carbon Alliance,Regenerative carbon Alliance,,M55,Mumberes,-0.02145,35.613964,No crop,Top Soil,Moist,,3.43,21.3,28,,50.7
Soil Analysis,"Soil Organic Carbon (Dry Combustion) ,Soil Texture Analysis",CR442SA0199,Regenerative carbon Alliance,Regenerative carbon Alliance,,M56,Mumberes,-0.03606,35.537595,No crop,Top Soil,Moist,,4.42,13.3,24,,62.7
Soil Analysis,"Soil Organic Carbon (Dry Combustion) ,Soil Texture Analysis",CR442SA0200,Regenerative carbon Alliance,Regenerative carbon Alliance,,M57,Mumberes,0.0412805,35.5270419,No crop,Top Soil,Moist,,4.37,19.3,28,,52.7
Soil Analysis,"Soil Organic Carbon (Dry Combustion) ,Soil Texture Analysis",CR442SA0201,Regenerative carbon Alliance,Regenerative carbon Alliance,,M58,Mumberes,0.0311934,35.5112511,No crop,Top Soil,Moist,,3.81,17.3,24,,58.7
Soil Analysis,"Soil Organic Carbon (Dry Combustion) ,Soil Texture Analysis",CR442SA0202,Regenerative carbon Alliance,Regenerative carbon Alliance,,M59,Mumberes,0.011879,35.526609,No crop,Top Soil,Moist,,3.91,19.3,30,,50.7
Soil Analysis,"Soil Bulk Density,Soil Organic Carbon (Dry Combustion),Soil Texture Analysis",CR442SA0203,Regenerative carbon Alliance,Regenerative carbon Alliance,,M60,Mumberes,0.0098373,35.5034244,No crop,Top Soil,Moist,,4.6,19.3,16,0.94,64.7
Soil Analysis,"Soil Organic Carbon (Dry Combustion) ,Soil Texture Analysis",CR442SA0204,Regenerative carbon Alliance,Regenerative carbon Alliance,,M61,Mumberes,0.030608,35.5285041,No crop,Top Soil,Moist,,7.14,27.3,30,,42.7
Soil Analysis,"Soil Organic Carbon (Dry Combustion) ,Soil Texture Analysis",CR442SA0205,Regenerative carbon Alliance,Regenerative carbon Alliance,,M62,Mumberes,-0.025212,35.61661,No crop,Top Soil,Moist,,3.49,13.3,18,,68.7
Soil Analysis,"Soil Organic Carbon (Dry Combustion) ,Soil Texture Analysis",CR442SA0206,Regenerative carbon Alliance,Regenerative carbon Alliance,,M63,Mumberes,-0.010177,35.5880853,No crop,Top Soil,Moist,,3.86,19.3,26,,54.7
Soil Analysis,"Soil Bulk Density,Soil Organic Carbon (Dry Combustion),Soil Texture Analysis",CR442SA0207,Regenerative carbon Alliance,Regenerative carbon Alliance,,M64,Mumberes,0.0010813,35.515889,No crop,Top Soil,Moist,,6.06,25.3,32,0.98,42.7
Soil Analysis,"Soil Organic Carbon (Dry Combustion) ,Soil Texture Analysis",CR442SA0208,Regenerative carbon Alliance,Regenerative carbon Alliance,,M65,Mumberes,-0.0010092,35.5049228,No crop,Top Soil,Moist,,3.57,13.3,18,,68.7
Soil Analysis,"Soil Organic Carbon (Dry Combustion) ,Soil Texture Analysis",CR442SA0209,Regenerative carbon Alliance,Regenerative carbon Alliance,,M66,Mumberes,-0.027472,35.612269,No crop,Top Soil,Moist,,3.02,23.3,24,,52.7
Soil Analysis,"Soil Organic Carbon (Dry Combustion) ,Soil Texture Analysis",CR442SA0210,Regenerative carbon Alliance,Regenerative carbon Alliance,,M67,Mumberes,0.0699931,35.5574947,No crop,Top Soil,Moist,,6.87,23.3,28,,48.7
Soil Analysis,"Soil Organic Carbon (Dry Combustion) ,Soil Texture Analysis",CR442SA0211,Regenerative carbon Alliance,Regenerative carbon Alliance,,M68,Mumberes,-0.034043,35.620116,No crop,Top Soil,Moist,,3.45,13.3,20,,66.7
Soil Analysis,"Soil Organic Carbon (Dry Combustion) ,Soil Texture Analysis",CR442SA0212,Regenerative carbon Alliance,Regenerative carbon Alliance,,M69,Mumberes,0.025187,35.569348,No crop,Top Soil,Moist,,3.35,15.3,22,,62.7
Soil Analysis,"Soil Bulk Density,Soil Organic Carbon (Dry Combustion),Soil Texture Analysis",CR442SA0213,Regenerative carbon Alliance,Regenerative carbon Alliance,,M70,Mumberes,-0.0037175,35.4881073,No crop,Top Soil,Moist,,3.21,17.3,14,1.11,68.7
Soil Analysis,"Soil Bulk Density,Soil Organic Carbon (Dry Combustion),Soil Texture Analysis",CR442SA0214,Regenerative carbon Alliance,Regenerative carbon Alliance,,M71,Mumberes,0.032548,35.5050706,No crop,Top Soil,Moist,,2.65,13.3,26,1,60.7
Soil Analysis,"Soil Organic Carbon (Dry Combustion) ,Soil Texture Analysis",CR442SA0215,Regenerative carbon Alliance,Regenerative carbon Alliance,,M72,Mumberes,-0.008234,35.5860267,No crop,Top Soil,Moist,,4.85,19.3,20,,60.7
Soil Analysis,"Soil Organic Carbon (Dry Combustion) ,Soil Texture Analysis",CR442SA0216,Regenerative carbon Alliance,Regenerative carbon Alliance,,M73,Mumberes,-0.0068095,35.5644775,No crop,Top Soil,Moist,,3.14,19.3,22,,58.7
Soil Analysis,"Soil Organic Carbon (Dry Combustion) ,Soil Texture Analysis",CR442SA0217,Regenerative carbon Alliance,Regenerative carbon Alliance,,M74,Mumberes,0.0398834,35.5344267,No crop,Top Soil,Moist,,4.41,19.3,24,,56.7
Soil Analysis,"Soil Organic Carbon (Dry Combustion) ,Soil Texture Analysis",CR442SA0218,Regenerative carbon Alliance,Regenerative carbon Alliance,,M75,Mumberes,0.052757,35.5500321,No crop,Top Soil,Moist,,6.47,27.3,32,,40.7
Soil Analysis,"Soil Organic Carbon (Dry Combustion) ,Soil Texture Analysis",CR442SA0219,Regenerative carbon Alliance,Regenerative carbon Alliance,,M76,Mumberes,0.0325315,35.4974575,No crop,Top Soil,Moist,,2.08,15.3,22,,62.7
Soil Analysis,"Soil Bulk Density,Soil Organic Carbon (Dry Combustion),Soil Texture Analysis",CR442SA0220,Regenerative carbon Alliance,Regenerative carbon Alliance,,M77,Mumberes,0.0080513,35.513484,No crop,Top Soil,Moist,,7.24,25.3,26,1.02,48.7
Soil Analysis,"Soil Organic Carbon (Dry Combustion) ,Soil Texture Analysis",CR442SA0221,Regenerative carbon Alliance,Regenerative carbon Alliance,,MNTP1R,Mumberes,0.01208,35.62211,No crop,Top Soil,Moist,,3.46,29.3,20,,50.7
Soil Analysis,"Soil Bulk Density,Soil Organic Carbon (Dry Combustion),Soil Texture Analysis",CR442SA0222,Regenerative carbon Alliance,Regenerative carbon Alliance,,MNTU18R,Mumberes,0.03339,35.57908,No crop,Top Soil,Moist,,5.67,15.3,16,1.03,68.7
Soil Analysis,"Soil Bulk Density,Soil Organic Carbon (Dry Combustion),Soil Texture Analysis",CR442SA0223,Regenerative carbon Alliance,Regenerative carbon Alliance,,MNTU24R,Mumberes,0.04247,35.57331,No crop,Top Soil,Moist,,5.95,23.3,20,1.08,56.7
Soil Analysis,"Soil Organic Carbon (Dry Combustion) ,Soil Texture Analysis",CR442SA0224,Regenerative carbon Alliance,Regenerative carbon Alliance,,MNTU29R,Mumberes,-0.00744,35.60911,No crop,Top Soil,Moist,,4.29,13.3,22,,64.7
Soil Analysis,"Soil Organic Carbon (Dry Combustion) ,Soil Texture Analysis",CR442SA0225,Regenerative carbon Alliance,Regenerative carbon Alliance,,MNTU2R,Mumberes,0.00897,35.6131,No crop,Top Soil,Moist,,3.87,21.3,14,,64.7
Soil Analysis,"Soil Bulk Density,Soil Organic Carbon (Dry Combustion),Soil Texture Analysis",CR442SA0226,Regenerative carbon Alliance,Regenerative carbon Alliance,,MNTU31R,Mumberes,-0.031,35.62242,No crop,Top Soil,Moist,,3.26,11.3,18,1.09,70.7
Soil Analysis,"Soil Bulk Density,Soil Organic Carbon (Dry Combustion),Soil Texture Analysis",CR442SA0227,Regenerative carbon Alliance,Regenerative carbon Alliance,,MNTU35R,Mumberes,0.03833,35.57606,No crop,Top Soil,Moist,,5.87,15.3,22,1.02,62.7
Soil Analysis,"Soil Organic Carbon (Dry Combustion) ,Soil Texture Analysis",CR442SA0228,Regenerative carbon Alliance,Regenerative carbon Alliance,,MNTU58R,Mumberes,-0.01336,35.62864,No crop,Top Soil,Moist,,3.67,9.28,22,,68.72
Soil Analysis,"Soil Organic Carbon (Dry Combustion) ,Soil Texture Analysis",CR442SA0229,Regenerative carbon Alliance,Regenerative carbon Alliance,,MNTU65R,Mumberes,0.00967,35.61286,No crop,Top Soil,Moist,,3.93,21.3,14,,64.7
Soil Analysis,"Soil Organic Carbon (Dry Combustion) ,Soil Texture Analysis",CR442SA0230,Regenerative carbon Alliance,Regenerative carbon Alliance,,MNTU016,Mumberes,-0.01,35.61,No crop,Top Soil,Moist,,3.39,15.3,22,,62.7
Soil Analysis,"Soil Organic Carbon (Dry Combustion) ,Soil Texture Analysis",CR442SA0231,Regenerative carbon Alliance,Regenerative carbon Alliance,,MNTU69R,Mumberes,0.03125,35.57914,No crop,Top Soil,Moist,,4.74,15.3,18,,66.7
Soil Analysis,"Soil Organic Carbon (Dry Combustion) ,Soil Texture Analysis",CR442SA0232,Regenerative carbon Alliance,Regenerative carbon Alliance,,MNTU71R,Mumberes,-0.01319,35.62825,No crop,Top Soil,Moist,,4,17.3,26,,56.7
Soil Analysis,"Soil Organic Carbon (Dry Combustion) ,Soil Texture Analysis",CR442SA0233,Regenerative carbon Alliance,Regenerative carbon Alliance,,MNTU75R,Mumberes,-0.02586,35.61686,No crop,Top Soil,Moist,,3.41,19.3,22,,58.7
Soil Analysis,"Soil Bulk Density,Soil Organic Carbon (Dry Combustion),Soil Texture Analysis",CR442SA0234,Regenerative carbon Alliance,Regenerative carbon Alliance,,MNTU7R,Mumberes,0.03028,35.58417,No crop,Top Soil,Moist,,3.59,19.3,20,0.93,60.7
Soil Analysis,"Soil Bulk Density,Soil Organic Carbon (Dry Combustion),Soil Texture Analysis",CR442SA0235,Regenerative carbon Alliance,Regenerative carbon Alliance,,MNTU81R,Mumberes,0.02947,35.58547,No crop,Top Soil,Moist,,5.77,19.3,20,1.01,60.7
Soil Analysis,"Soil Organic Carbon (Dry Combustion) ,Soil Texture Analysis",CR442SA0236,Regenerative carbon Alliance,Regenerative carbon Alliance,,MNTU9R,Mumberes,0.01539,35.61328,No crop,Top Soil,Moist,,4.26,17.3,16,,66.7